,actual,prediction,Date,Team,Opponent,Result
76,-99,1,2024-08-16,Alaves,Celta Vigo,
77,-99,0,2024-08-25,Alaves,Betis,
78,-99,0,2024-08-28,Alaves,Real Sociedad,
79,-99,2,2024-09-01,Alaves,Las Palmas,
80,-99,0,2024-09-15,Alaves,Espanyol,
81,-99,2,2024-09-22,Alaves,Sevilla,
82,-99,0,2024-09-25,Alaves,Real Madrid,
83,-99,0,2024-09-29,Alaves,Getafe,
84,-99,2,2024-10-06,Alaves,Barcelona,
85,-99,2,2024-10-20,Alaves,Valladolid,
86,-99,1,2024-10-27,Alaves,Rayo Vallecano,
87,-99,2,2024-11-03,Alaves,Mallorca,
88,-99,1,2024-11-10,Alaves,Villarreal,
89,-99,1,2024-11-24,Alaves,Atlético Madrid,
90,-99,2,2024-12-01,Alaves,Leganés,
91,-99,1,2024-12-08,Alaves,Osasuna,
92,-99,2,2024-12-15,Alaves,Athletic Club,
93,-99,0,2024-12-22,Alaves,Valencia,
94,-99,2,2025-01-11,Alaves,Girona,
95,-99,1,2025-01-19,Alaves,Betis,
96,-99,0,2025-01-26,Alaves,Celta Vigo,
97,-99,0,2025-02-02,Alaves,Barcelona,
98,-99,2,2025-02-09,Alaves,Getafe,
99,-99,1,2025-02-16,Alaves,Leganés,
100,-99,2,2025-02-23,Alaves,Espanyol,
101,-99,1,2025-03-02,Alaves,Mallorca,
102,-99,2,2025-03-09,Alaves,Villarreal,
103,-99,1,2025-03-16,Alaves,Las Palmas,
104,-99,2,2025-03-30,Alaves,Rayo Vallecano,
105,-99,0,2025-04-06,Alaves,Girona,
106,-99,2,2025-04-13,Alaves,Real Madrid,
107,-99,1,2025-04-20,Alaves,Sevilla,
108,-99,2,2025-04-23,Alaves,Real Sociedad,
109,-99,2,2025-05-04,Alaves,Atlético Madrid,
110,-99,0,2025-05-11,Alaves,Athletic Club,
111,-99,2,2025-05-14,Alaves,Valencia,
112,-99,1,2025-05-18,Alaves,Valladolid,
113,-99,2,2025-05-25,Alaves,Osasuna,
304,-99,2,2024-08-15,Athletic Club,Getafe,
305,-99,1,2024-08-24,Athletic Club,Barcelona,
306,-99,2,2024-08-28,Athletic Club,Valencia,
307,-99,2,2024-08-31,Athletic Club,Atlético Madrid,
308,-99,1,2024-09-15,Athletic Club,Las Palmas,
309,-99,0,2024-09-22,Athletic Club,Celta Vigo,
310,-99,0,2024-09-25,Athletic Club,Leganés,
311,-99,2,2024-09-29,Athletic Club,Sevilla,
312,-99,0,2024-10-06,Athletic Club,Girona,
313,-99,2,2024-10-20,Athletic Club,Espanyol,
314,-99,1,2024-10-27,Athletic Club,Mallorca,
315,-99,0,2024-11-03,Athletic Club,Betis,
316,-99,1,2024-11-10,Athletic Club,Valladolid,
317,-99,2,2024-11-24,Athletic Club,Real Sociedad,
318,-99,1,2024-12-01,Athletic Club,Rayo Vallecano,
319,-99,2,2024-12-08,Athletic Club,Villarreal,
320,-99,0,2024-12-15,Athletic Club,Alavés,
321,-99,1,2024-12-22,Athletic Club,Osasuna,
322,-99,2,2025-01-11,Athletic Club,Real Madrid,
323,-99,0,2025-01-19,Athletic Club,Celta Vigo,
324,-99,2,2025-01-26,Athletic Club,Leganés,
325,-99,1,2025-02-02,Athletic Club,Betis,
326,-99,2,2025-02-09,Athletic Club,Girona,
327,-99,0,2025-02-16,Athletic Club,Espanyol,
328,-99,2,2025-02-23,Athletic Club,Valladolid,
329,-99,1,2025-03-02,Athletic Club,Atlético Madrid,
330,-99,2,2025-03-09,Athletic Club,Mallorca,
331,-99,1,2025-03-16,Athletic Club,Sevilla,
332,-99,2,2025-03-30,Athletic Club,Osasuna,
333,-99,1,2025-04-06,Athletic Club,Villarreal,
334,-99,2,2025-04-13,Athletic Club,Rayo Vallecano,
335,-99,1,2025-04-20,Athletic Club,Real Madrid,
336,-99,2,2025-04-23,Athletic Club,Las Palmas,
337,-99,1,2025-05-04,Athletic Club,Real Sociedad,
338,-99,2,2025-05-11,Athletic Club,Alavés,
339,-99,0,2025-05-14,Athletic Club,Getafe,
340,-99,0,2025-05-18,Athletic Club,Valencia,
341,-99,2,2025-05-25,Athletic Club,Barcelona,
456,-99,1,2024-08-19,Atletico Madrid,Villarreal,
457,-99,2,2024-08-25,Atletico Madrid,Girona,
458,-99,0,2024-08-28,Atletico Madrid,Espanyol,
459,-99,0,2024-08-31,Atletico Madrid,Athletic Club,
460,-99,2,2024-09-15,Atletico Madrid,Valencia,
461,-99,1,2024-09-22,Atletico Madrid,Rayo Vallecano,
462,-99,0,2024-09-25,Atletico Madrid,Celta Vigo,
463,-99,2,2024-09-29,Atletico Madrid,Real Madrid,
464,-99,1,2024-10-06,Atletico Madrid,Real Sociedad,
465,-99,2,2024-10-20,Atletico Madrid,Leganés,
466,-99,1,2024-10-27,Atletico Madrid,Betis,
467,-99,2,2024-11-03,Atletico Madrid,Las Palmas,
468,-99,1,2024-11-10,Atletico Madrid,Mallorca,
469,-99,2,2024-11-24,Atletico Madrid,Alavés,
470,-99,1,2024-12-01,Atletico Madrid,Valladolid,
471,-99,2,2024-12-08,Atletico Madrid,Sevilla,
472,-99,2,2024-12-15,Atletico Madrid,Getafe,
473,-99,0,2024-12-22,Atletico Madrid,Barcelona,
474,-99,2,2025-01-11,Atletico Madrid,Osasuna,
475,-99,1,2025-01-19,Atletico Madrid,Leganés,
476,-99,2,2025-01-26,Atletico Madrid,Villarreal,
477,-99,2,2025-02-02,Atletico Madrid,Mallorca,
478,-99,1,2025-02-09,Atletico Madrid,Real Madrid,
479,-99,0,2025-02-16,Atletico Madrid,Celta Vigo,
480,-99,0,2025-02-23,Atletico Madrid,Valencia,
481,-99,2,2025-03-02,Atletico Madrid,Athletic Club,
482,-99,0,2025-03-09,Atletico Madrid,Getafe,
483,-99,2,2025-03-16,Atletico Madrid,Barcelona,
484,-99,0,2025-03-30,Atletico Madrid,Espanyol,
485,-99,1,2025-04-06,Atletico Madrid,Sevilla,
486,-99,2,2025-04-13,Atletico Madrid,Valladolid,
487,-99,1,2025-04-20,Atletico Madrid,Las Palmas,
488,-99,2,2025-04-23,Atletico Madrid,Rayo Vallecano,
489,-99,0,2025-05-04,Atletico Madrid,Alavés,
490,-99,2,2025-05-11,Atletico Madrid,Real Sociedad,
491,-99,0,2025-05-14,Atletico Madrid,Osasuna,
492,-99,0,2025-05-18,Atletico Madrid,Betis,
493,-99,0,2025-05-25,Atletico Madrid,Girona,
608,-99,2,2024-08-17,Barcelona,Valencia,
609,-99,2,2024-08-24,Barcelona,Athletic Club,
610,-99,0,2024-08-27,Barcelona,Rayo Vallecano,
611,-99,1,2024-08-31,Barcelona,Valladolid,
612,-99,0,2024-09-15,Barcelona,Girona,
613,-99,1,2024-09-22,Barcelona,Villarreal,
614,-99,2,2024-09-25,Barcelona,Getafe,
615,-99,1,2024-09-29,Barcelona,Osasuna,
616,-99,0,2024-10-06,Barcelona,Alavés,
617,-99,2,2024-10-20,Barcelona,Sevilla,
618,-99,1,2024-10-27,Barcelona,Real Madrid,
619,-99,2,2024-11-03,Barcelona,Espanyol,
620,-99,1,2024-11-10,Barcelona,Real Sociedad,
621,-99,0,2024-11-24,Barcelona,Celta Vigo,
622,-99,2,2024-12-01,Barcelona,Las Palmas,
623,-99,1,2024-12-08,Barcelona,Betis,
624,-99,2,2024-12-15,Barcelona,Leganés,
625,-99,2,2024-12-22,Barcelona,Atlético Madrid,
626,-99,0,2025-01-11,Barcelona,Mallorca,
627,-99,0,2025-01-19,Barcelona,Getafe,
628,-99,2,2025-01-26,Barcelona,Valencia,
629,-99,2,2025-02-02,Barcelona,Alavés,
630,-99,1,2025-02-09,Barcelona,Sevilla,
631,-99,2,2025-02-16,Barcelona,Rayo Vallecano,
632,-99,1,2025-02-23,Barcelona,Las Palmas,
633,-99,2,2025-03-02,Barcelona,Real Sociedad,
634,-99,2,2025-03-09,Barcelona,Osasuna,
635,-99,1,2025-03-16,Barcelona,Atlético Madrid,
636,-99,2,2025-03-30,Barcelona,Girona,
637,-99,0,2025-04-06,Barcelona,Betis,
638,-99,1,2025-04-13,Barcelona,Leganés,
639,-99,0,2025-04-20,Barcelona,Celta Vigo,
640,-99,2,2025-04-23,Barcelona,Mallorca,
641,-99,1,2025-05-04,Barcelona,Valladolid,
642,-99,2,2025-05-11,Barcelona,Real Madrid,
643,-99,0,2025-05-14,Barcelona,Espanyol,
644,-99,2,2025-05-18,Barcelona,Villarreal,
645,-99,0,2025-05-25,Barcelona,Athletic Club,
874,-99,2,2024-08-16,Celta Vigo,Alavés,
875,-99,2,2024-08-23,Celta Vigo,Valencia,
876,-99,1,2024-08-26,Celta Vigo,Villarreal,
877,-99,1,2024-09-01,Celta Vigo,Osasuna,
878,-99,2,2024-09-15,Celta Vigo,Valladolid,
879,-99,0,2024-09-22,Celta Vigo,Athletic Club,
880,-99,0,2024-09-25,Celta Vigo,Atlético Madrid,
881,-99,2,2024-09-29,Celta Vigo,Girona,
882,-99,1,2024-10-06,Celta Vigo,Las Palmas,
883,-99,2,2024-10-20,Celta Vigo,Real Madrid,
884,-99,1,2024-10-27,Celta Vigo,Leganés,
885,-99,2,2024-11-03,Celta Vigo,Getafe,
886,-99,1,2024-11-10,Celta Vigo,Betis,
887,-99,2,2024-11-24,Celta Vigo,Barcelona,
888,-99,0,2024-12-01,Celta Vigo,Espanyol,
889,-99,2,2024-12-08,Celta Vigo,Mallorca,
890,-99,1,2024-12-15,Celta Vigo,Sevilla,
891,-99,2,2024-12-22,Celta Vigo,Real Sociedad,
892,-99,0,2025-01-11,Celta Vigo,Rayo Vallecano,
893,-99,2,2025-01-19,Celta Vigo,Athletic Club,
894,-99,0,2025-01-26,Celta Vigo,Alavés,
895,-99,0,2025-02-02,Celta Vigo,Valencia,
896,-99,0,2025-02-09,Celta Vigo,Betis,
897,-99,1,2025-02-16,Celta Vigo,Atlético Madrid,
898,-99,2,2025-02-23,Celta Vigo,Osasuna,
899,-99,0,2025-03-02,Celta Vigo,Girona,
900,-99,2,2025-03-09,Celta Vigo,Leganés,
901,-99,1,2025-03-16,Celta Vigo,Valladolid,
902,-99,2,2025-03-30,Celta Vigo,Las Palmas,
903,-99,1,2025-04-06,Celta Vigo,Mallorca,
904,-99,2,2025-04-13,Celta Vigo,Espanyol,
905,-99,0,2025-04-20,Celta Vigo,Barcelona,
906,-99,0,2025-04-23,Celta Vigo,Villarreal,
907,-99,1,2025-05-04,Celta Vigo,Real Madrid,
908,-99,2,2025-05-11,Celta Vigo,Sevilla,
909,-99,0,2025-05-14,Celta Vigo,Real Sociedad,
910,-99,2,2025-05-18,Celta Vigo,Rayo Vallecano,
911,-99,0,2025-05-25,Celta Vigo,Getafe,
1064,-99,1,2024-08-19,Espanyol,Valladolid,
1065,-99,2,2024-08-24,Espanyol,Real Sociedad,
1066,-99,0,2024-08-28,Espanyol,Atlético Madrid,
1067,-99,2,2024-08-31,Espanyol,Rayo Vallecano,
1068,-99,2,2024-09-15,Espanyol,Alavés,
1069,-99,1,2024-09-22,Espanyol,Real Madrid,
1070,-99,0,2024-09-25,Espanyol,Villarreal,
1071,-99,1,2024-09-29,Espanyol,Betis,
1072,-99,2,2024-10-06,Espanyol,Mallorca,
1073,-99,0,2024-10-20,Espanyol,Athletic Club,
1074,-99,2,2024-10-27,Espanyol,Sevilla,
1075,-99,0,2024-11-03,Espanyol,Barcelona,
1076,-99,2,2024-11-10,Espanyol,Valencia,
1077,-99,0,2024-11-24,Espanyol,Girona,
1078,-99,0,2024-12-01,Espanyol,Celta Vigo,
1079,-99,0,2024-12-08,Espanyol,Getafe,
1080,-99,2,2024-12-15,Espanyol,Osasuna,
1081,-99,1,2024-12-22,Espanyol,Las Palmas,
1082,-99,2,2025-01-11,Espanyol,Leganés,
1083,-99,2,2025-01-19,Espanyol,Valladolid,
1084,-99,1,2025-01-26,Espanyol,Sevilla,
1085,-99,2,2025-02-02,Espanyol,Real Madrid,
1086,-99,1,2025-02-09,Espanyol,Real Sociedad,
1087,-99,2,2025-02-16,Espanyol,Athletic Club,
1088,-99,0,2025-02-23,Espanyol,Alavés,
1089,-99,1,2025-03-02,Espanyol,Villarreal,
1090,-99,2,2025-03-09,Espanyol,Girona,
1091,-99,1,2025-03-16,Espanyol,Mallorca,
1092,-99,2,2025-03-30,Espanyol,Atlético Madrid,
1093,-99,1,2025-04-06,Espanyol,Rayo Vallecano,
1094,-99,0,2025-04-13,Espanyol,Celta Vigo,
1095,-99,2,2025-04-20,Espanyol,Getafe,
1096,-99,0,2025-04-23,Espanyol,Valencia,
1097,-99,0,2025-05-04,Espanyol,Betis,
1098,-99,1,2025-05-11,Espanyol,Leganés,
1099,-99,0,2025-05-14,Espanyol,Barcelona,
1100,-99,1,2025-05-18,Espanyol,Osasuna,
1101,-99,2,2025-05-25,Espanyol,Las Palmas,
1216,-99,1,2024-08-15,Getafe,Athletic Club,
1217,-99,2,2024-08-24,Getafe,Rayo Vallecano,
1218,-99,0,2024-08-28,Getafe,Betis,
1219,-99,2,2024-09-01,Getafe,Real Sociedad,
1220,-99,1,2024-09-15,Getafe,Sevilla,
1221,-99,2,2024-09-22,Getafe,Leganés,
1222,-99,0,2024-09-25,Getafe,Barcelona,
1223,-99,2,2024-09-29,Getafe,Alavés,
1224,-99,2,2024-10-06,Getafe,Osasuna,
1225,-99,1,2024-10-20,Getafe,Villarreal,
1226,-99,2,2024-10-27,Getafe,Valencia,
1227,-99,0,2024-11-03,Getafe,Celta Vigo,
1228,-99,2,2024-11-10,Getafe,Girona,
1229,-99,2,2024-11-24,Getafe,Valladolid,
1230,-99,1,2024-12-01,Getafe,Real Madrid,
1231,-99,2,2024-12-08,Getafe,Espanyol,
1232,-99,1,2024-12-15,Getafe,Atlético Madrid,
1233,-99,2,2024-12-22,Getafe,Mallorca,
1234,-99,0,2025-01-11,Getafe,Las Palmas,
1235,-99,2,2025-01-19,Getafe,Barcelona,
1236,-99,1,2025-01-26,Getafe,Real Sociedad,
1237,-99,2,2025-02-02,Getafe,Sevilla,
1238,-99,0,2025-02-09,Getafe,Alavés,
1239,-99,0,2025-02-16,Getafe,Girona,
1240,-99,0,2025-02-23,Getafe,Betis,
1241,-99,1,2025-03-02,Getafe,Leganés,
1242,-99,2,2025-03-09,Getafe,Atlético Madrid,
1243,-99,1,2025-03-16,Getafe,Osasuna,
1244,-99,2,2025-03-30,Getafe,Villarreal,
1245,-99,1,2025-04-06,Getafe,Valladolid,
1246,-99,2,2025-04-13,Getafe,Las Palmas,
1247,-99,0,2025-04-20,Getafe,Espanyol,
1248,-99,2,2025-04-23,Getafe,Real Madrid,
1249,-99,1,2025-05-04,Getafe,Rayo Vallecano,
1250,-99,0,2025-05-11,Getafe,Valencia,
1251,-99,2,2025-05-14,Getafe,Athletic Club,
1252,-99,1,2025-05-18,Getafe,Mallorca,
1253,-99,0,2025-05-25,Getafe,Celta Vigo,
1330,-99,2,2024-08-15,Girona,Betis,
1331,-99,2,2024-08-25,Girona,Atlético Madrid,
1332,-99,0,2024-08-29,Girona,Osasuna,
1333,-99,1,2024-09-01,Girona,Sevilla,
1334,-99,2,2024-09-15,Girona,Barcelona,
1335,-99,0,2024-09-22,Girona,Valencia,
1336,-99,2,2024-09-25,Girona,Rayo Vallecano,
1337,-99,0,2024-09-29,Girona,Celta Vigo,
1338,-99,2,2024-10-06,Girona,Athletic Club,
1339,-99,2,2024-10-20,Girona,Real Sociedad,
1340,-99,1,2024-10-27,Girona,Las Palmas,
1341,-99,2,2024-11-03,Girona,Leganés,
1342,-99,0,2024-11-10,Girona,Getafe,
1343,-99,2,2024-11-24,Girona,Espanyol,
1344,-99,1,2024-12-01,Girona,Villarreal,
1345,-99,2,2024-12-08,Girona,Real Madrid,
1346,-99,1,2024-12-15,Girona,Mallorca,
1347,-99,2,2024-12-22,Girona,Valladolid,
1348,-99,0,2025-01-11,Girona,Alavés,
1349,-99,2,2025-01-19,Girona,Sevilla,
1350,-99,1,2025-01-26,Girona,Rayo Vallecano,
1351,-99,2,2025-02-02,Girona,Las Palmas,
1352,-99,0,2025-02-09,Girona,Athletic Club,
1353,-99,2,2025-02-16,Girona,Getafe,
1354,-99,1,2025-02-23,Girona,Real Madrid,
1355,-99,0,2025-03-02,Girona,Celta Vigo,
1356,-99,0,2025-03-09,Girona,Espanyol,
1357,-99,2,2025-03-16,Girona,Valencia,
1358,-99,0,2025-03-30,Girona,Barcelona,
1359,-99,2,2025-04-06,Girona,Alavés,
1360,-99,1,2025-04-13,Girona,Osasuna,
1361,-99,0,2025-04-20,Girona,Betis,
1362,-99,0,2025-04-23,Girona,Leganés,
1363,-99,2,2025-05-04,Girona,Mallorca,
1364,-99,2,2025-05-11,Girona,Villarreal,
1365,-99,1,2025-05-14,Girona,Valladolid,
1366,-99,1,2025-05-18,Girona,Real Sociedad,
1367,-99,2,2025-05-25,Girona,Atlético Madrid,
1482,-99,2,2024-08-16,Las Palmas,Sevilla,
1483,-99,0,2024-08-25,Las Palmas,Leganés,
1484,-99,2,2024-08-29,Las Palmas,Real Madrid,
1485,-99,0,2024-09-01,Las Palmas,Alavés,
1486,-99,2,2024-09-15,Las Palmas,Athletic Club,
1487,-99,1,2024-09-22,Las Palmas,Osasuna,
1488,-99,0,2024-09-25,Las Palmas,Betis,
1489,-99,1,2024-09-29,Las Palmas,Villarreal,
1490,-99,0,2024-10-06,Las Palmas,Celta Vigo,
1491,-99,0,2024-10-20,Las Palmas,Valencia,
1492,-99,2,2024-10-27,Las Palmas,Girona,
1493,-99,1,2024-11-03,Las Palmas,Atlético Madrid,
1494,-99,1,2024-11-10,Las Palmas,Rayo Vallecano,
1495,-99,2,2024-11-24,Las Palmas,Mallorca,
1496,-99,0,2024-12-01,Las Palmas,Barcelona,
1497,-99,2,2024-12-08,Las Palmas,Valladolid,
1498,-99,1,2024-12-15,Las Palmas,Real Sociedad,
1499,-99,2,2024-12-22,Las Palmas,Espanyol,
1500,-99,2,2025-01-11,Las Palmas,Getafe,
1501,-99,1,2025-01-19,Las Palmas,Real Madrid,
1502,-99,2,2025-01-26,Las Palmas,Osasuna,
1503,-99,0,2025-02-02,Las Palmas,Girona,
1504,-99,2,2025-02-09,Las Palmas,Villarreal,
1505,-99,1,2025-02-16,Las Palmas,Mallorca,
1506,-99,2,2025-02-23,Las Palmas,Barcelona,
1507,-99,1,2025-03-02,Las Palmas,Valladolid,
1508,-99,1,2025-03-09,Las Palmas,Betis,
1509,-99,2,2025-03-16,Las Palmas,Alavés,
1510,-99,0,2025-03-30,Las Palmas,Celta Vigo,
1511,-99,2,2025-04-06,Las Palmas,Real Sociedad,
1512,-99,0,2025-04-13,Las Palmas,Getafe,
1513,-99,2,2025-04-20,Las Palmas,Atlético Madrid,
1514,-99,0,2025-04-23,Las Palmas,Athletic Club,
1515,-99,2,2025-05-04,Las Palmas,Valencia,
1516,-99,2,2025-05-11,Las Palmas,Rayo Vallecano,
1517,-99,0,2025-05-14,Las Palmas,Sevilla,
1518,-99,2,2025-05-18,Las Palmas,Leganés,
1519,-99,0,2025-05-25,Las Palmas,Espanyol,
1520,-99,0,2024-08-17,Leganes,Osasuna,
1521,-99,2,2024-08-25,Leganes,Las Palmas,
1522,-99,1,2024-08-28,Leganes,Valladolid,
1523,-99,2,2024-08-31,Leganes,Mallorca,
1524,-99,1,2024-09-15,Leganes,Betis,
1525,-99,0,2024-09-22,Leganes,Getafe,
1526,-99,2,2024-09-25,Leganes,Athletic Club,
1527,-99,1,2024-09-29,Leganes,Rayo Vallecano,
1528,-99,2,2024-10-06,Leganes,Valencia,
1529,-99,1,2024-10-20,Leganes,Atlético Madrid,
1530,-99,0,2024-10-27,Leganes,Celta Vigo,
1531,-99,0,2024-11-03,Leganes,Girona,
1532,-99,2,2024-11-10,Leganes,Sevilla,
1533,-99,2,2024-11-24,Leganes,Real Madrid,
1534,-99,0,2024-12-01,Leganes,Alavés,
1535,-99,2,2024-12-08,Leganes,Real Sociedad,
1536,-99,0,2024-12-15,Leganes,Barcelona,
1537,-99,2,2024-12-22,Leganes,Villarreal,
1538,-99,0,2025-01-11,Leganes,Espanyol,
1539,-99,2,2025-01-19,Leganes,Atlético Madrid,
1540,-99,0,2025-01-26,Leganes,Athletic Club,
1541,-99,2,2025-02-02,Leganes,Rayo Vallecano,
1542,-99,0,2025-02-09,Leganes,Valencia,
1543,-99,2,2025-02-16,Leganes,Alavés,
1544,-99,1,2025-02-23,Leganes,Real Sociedad,
1545,-99,2,2025-03-02,Leganes,Getafe,
1546,-99,0,2025-03-09,Leganes,Celta Vigo,
1547,-99,0,2025-03-16,Leganes,Betis,
1548,-99,1,2025-03-30,Leganes,Real Madrid,
1549,-99,2,2025-04-06,Leganes,Osasuna,
1550,-99,2,2025-04-13,Leganes,Barcelona,
1551,-99,1,2025-04-20,Leganes,Mallorca,
1552,-99,2,2025-04-23,Leganes,Girona,
1553,-99,1,2025-05-04,Leganes,Sevilla,
1554,-99,2,2025-05-11,Leganes,Espanyol,
1555,-99,1,2025-05-14,Leganes,Villarreal,
1556,-99,1,2025-05-18,Leganes,Las Palmas,
1557,-99,2,2025-05-25,Leganes,Valladolid,
1710,-99,2,2024-08-18,Mallorca,Real Madrid,
1711,-99,0,2024-08-24,Mallorca,Osasuna,
1712,-99,0,2024-08-27,Mallorca,Sevilla,
1713,-99,0,2024-08-31,Mallorca,Leganés,
1714,-99,2,2024-09-15,Mallorca,Villarreal,
1715,-99,1,2024-09-22,Mallorca,Betis,
1716,-99,2,2024-09-25,Mallorca,Real Sociedad,
1717,-99,1,2024-09-29,Mallorca,Valladolid,
1718,-99,0,2024-10-06,Mallorca,Espanyol,
1719,-99,2,2024-10-20,Mallorca,Rayo Vallecano,
1720,-99,2,2024-10-27,Mallorca,Athletic Club,
1721,-99,0,2024-11-03,Mallorca,Alavés,
1722,-99,2,2024-11-10,Mallorca,Atlético Madrid,
1723,-99,1,2024-11-24,Mallorca,Las Palmas,
1724,-99,2,2024-12-01,Mallorca,Valencia,
1725,-99,0,2024-12-08,Mallorca,Celta Vigo,
1726,-99,2,2024-12-15,Mallorca,Girona,
1727,-99,0,2024-12-22,Mallorca,Getafe,
1728,-99,2,2025-01-11,Mallorca,Barcelona,
1729,-99,1,2025-01-19,Mallorca,Villarreal,
1730,-99,0,2025-01-26,Mallorca,Betis,
1731,-99,1,2025-02-02,Mallorca,Atlético Madrid,
1732,-99,2,2025-02-09,Mallorca,Osasuna,
1733,-99,2,2025-02-16,Mallorca,Las Palmas,
1734,-99,1,2025-02-23,Mallorca,Sevilla,
1735,-99,2,2025-03-02,Mallorca,Alavés,
1736,-99,0,2025-03-09,Mallorca,Athletic Club,
1737,-99,2,2025-03-16,Mallorca,Espanyol,
1738,-99,0,2025-03-30,Mallorca,Valencia,
1739,-99,0,2025-04-06,Mallorca,Celta Vigo,
1740,-99,1,2025-04-13,Mallorca,Real Sociedad,
1741,-99,2,2025-04-20,Mallorca,Leganés,
1742,-99,0,2025-04-23,Mallorca,Barcelona,
1743,-99,0,2025-05-04,Mallorca,Girona,
1744,-99,2,2025-05-11,Mallorca,Valladolid,
1745,-99,0,2025-05-14,Mallorca,Real Madrid,
1746,-99,2,2025-05-18,Mallorca,Getafe,
1747,-99,1,2025-05-25,Mallorca,Rayo Vallecano,
1862,-99,2,2024-08-17,Osasuna,Leganés,
1863,-99,2,2024-08-24,Osasuna,Mallorca,
1864,-99,0,2024-08-29,Osasuna,Girona,
1865,-99,0,2024-09-01,Osasuna,Celta Vigo,
1866,-99,1,2024-09-15,Osasuna,Rayo Vallecano,
1867,-99,2,2024-09-22,Osasuna,Las Palmas,
1868,-99,0,2024-09-25,Osasuna,Valencia,
1869,-99,2,2024-09-29,Osasuna,Barcelona,
1870,-99,0,2024-10-06,Osasuna,Getafe,
1871,-99,0,2024-10-20,Osasuna,Betis,
1872,-99,1,2024-10-27,Osasuna,Real Sociedad,
1873,-99,2,2024-11-03,Osasuna,Valladolid,
1874,-99,1,2024-11-10,Osasuna,Real Madrid,
1875,-99,2,2024-11-24,Osasuna,Villarreal,
1876,-99,1,2024-12-01,Osasuna,Sevilla,
1877,-99,2,2024-12-08,Osasuna,Alavés,
1878,-99,0,2024-12-15,Osasuna,Espanyol,
1879,-99,2,2024-12-22,Osasuna,Athletic Club,
1880,-99,0,2025-01-11,Osasuna,Atlético Madrid,
1881,-99,2,2025-01-19,Osasuna,Rayo Vallecano,
1882,-99,1,2025-01-26,Osasuna,Las Palmas,
1883,-99,2,2025-02-02,Osasuna,Real Sociedad,
1884,-99,1,2025-02-09,Osasuna,Mallorca,
1885,-99,2,2025-02-16,Osasuna,Real Madrid,
1886,-99,0,2025-02-23,Osasuna,Celta Vigo,
1887,-99,2,2025-03-02,Osasuna,Valencia,
1888,-99,0,2025-03-09,Osasuna,Barcelona,
1889,-99,2,2025-03-16,Osasuna,Getafe,
1890,-99,0,2025-03-30,Osasuna,Athletic Club,
1891,-99,1,2025-04-06,Osasuna,Leganés,
1892,-99,2,2025-04-13,Osasuna,Girona,
1893,-99,1,2025-04-20,Osasuna,Valladolid,
1894,-99,2,2025-04-23,Osasuna,Sevilla,
1895,-99,1,2025-05-04,Osasuna,Villarreal,
1896,-99,1,2025-05-11,Osasuna,Betis,
1897,-99,0,2025-05-14,Osasuna,Atlético Madrid,
1898,-99,2,2025-05-18,Osasuna,Espanyol,
1899,-99,0,2025-05-25,Osasuna,Alavés,
2014,-99,0,2024-08-18,Rayo Vallecano,Real Sociedad,
2015,-99,1,2024-08-24,Rayo Vallecano,Getafe,
2016,-99,0,2024-08-27,Rayo Vallecano,Barcelona,
2017,-99,0,2024-08-31,Rayo Vallecano,Espanyol,
2018,-99,2,2024-09-15,Rayo Vallecano,Osasuna,
2019,-99,2,2024-09-22,Rayo Vallecano,Atlético Madrid,
2020,-99,0,2024-09-25,Rayo Vallecano,Girona,
2021,-99,2,2024-09-29,Rayo Vallecano,Leganés,
2022,-99,1,2024-10-06,Rayo Vallecano,Valladolid,
2023,-99,1,2024-10-20,Rayo Vallecano,Mallorca,
2024,-99,2,2024-10-27,Rayo Vallecano,Alavés,
2025,-99,1,2024-11-03,Rayo Vallecano,Villarreal,
2026,-99,2,2024-11-10,Rayo Vallecano,Las Palmas,
2027,-99,1,2024-11-24,Rayo Vallecano,Sevilla,
2028,-99,2,2024-12-01,Rayo Vallecano,Athletic Club,
2029,-99,0,2024-12-08,Rayo Vallecano,Valencia,
2030,-99,2,2024-12-15,Rayo Vallecano,Real Madrid,
2031,-99,1,2024-12-22,Rayo Vallecano,Betis,
2032,-99,0,2025-01-11,Rayo Vallecano,Celta Vigo,
2033,-99,1,2025-01-19,Rayo Vallecano,Osasuna,
2034,-99,2,2025-01-26,Rayo Vallecano,Girona,
2035,-99,1,2025-02-02,Rayo Vallecano,Leganés,
2036,-99,2,2025-02-09,Rayo Vallecano,Valladolid,
2037,-99,0,2025-02-16,Rayo Vallecano,Barcelona,
2038,-99,2,2025-02-23,Rayo Vallecano,Villarreal,
2039,-99,2,2025-03-02,Rayo Vallecano,Sevilla,
2040,-99,1,2025-03-09,Rayo Vallecano,Real Madrid,
2041,-99,2,2025-03-16,Rayo Vallecano,Real Sociedad,
2042,-99,0,2025-03-30,Rayo Vallecano,Alavés,
2043,-99,2,2025-04-06,Rayo Vallecano,Espanyol,
2044,-99,0,2025-04-13,Rayo Vallecano,Athletic Club,
2045,-99,2,2025-04-20,Rayo Vallecano,Valencia,
2046,-99,0,2025-04-23,Rayo Vallecano,Atlético Madrid,
2047,-99,2,2025-05-04,Rayo Vallecano,Getafe,
2048,-99,1,2025-05-11,Rayo Vallecano,Las Palmas,
2049,-99,0,2025-05-14,Rayo Vallecano,Betis,
2050,-99,0,2025-05-18,Rayo Vallecano,Celta Vigo,
2051,-99,2,2025-05-25,Rayo Vallecano,Mallorca,
2166,-99,2,2024-08-15,Real Betis,Girona,
2167,-99,0,2024-08-25,Real Betis,Alavés,
2168,-99,2,2024-08-28,Real Betis,Getafe,
2169,-99,1,2024-09-01,Real Betis,Real Madrid,
2170,-99,2,2024-09-15,Real Betis,Leganés,
2171,-99,2,2024-09-22,Real Betis,Mallorca,
2172,-99,0,2024-09-25,Real Betis,Las Palmas,
2173,-99,2,2024-09-29,Real Betis,Espanyol,
2174,-99,1,2024-10-06,Real Betis,Sevilla,
2175,-99,1,2024-10-20,Real Betis,Osasuna,
2176,-99,2,2024-10-27,Real Betis,Atlético Madrid,
2177,-99,0,2024-11-03,Real Betis,Athletic Club,
2178,-99,0,2024-11-10,Real Betis,Celta Vigo,
2179,-99,0,2024-11-24,Real Betis,Valencia,
2180,-99,1,2024-12-01,Real Betis,Real Sociedad,
2181,-99,2,2024-12-08,Real Betis,Barcelona,
2182,-99,1,2024-12-15,Real Betis,Villarreal,
2183,-99,2,2024-12-22,Real Betis,Rayo Vallecano,
2184,-99,1,2025-01-11,Real Betis,Valladolid,
2185,-99,2,2025-01-19,Real Betis,Alavés,
2186,-99,1,2025-01-26,Real Betis,Mallorca,
2187,-99,2,2025-02-02,Real Betis,Athletic Club,
2188,-99,0,2025-02-09,Real Betis,Celta Vigo,
2189,-99,2,2025-02-16,Real Betis,Real Sociedad,
2190,-99,0,2025-02-23,Real Betis,Getafe,
2191,-99,2,2025-03-02,Real Betis,Real Madrid,
2192,-99,2,2025-03-09,Real Betis,Las Palmas,
2193,-99,1,2025-03-16,Real Betis,Leganés,
2194,-99,2,2025-03-30,Real Betis,Sevilla,
2195,-99,0,2025-04-06,Real Betis,Barcelona,
2196,-99,2,2025-04-13,Real Betis,Villarreal,
2197,-99,0,2025-04-20,Real Betis,Girona,
2198,-99,1,2025-04-23,Real Betis,Valladolid,
2199,-99,0,2025-05-04,Real Betis,Espanyol,
2200,-99,2,2025-05-11,Real Betis,Osasuna,
2201,-99,0,2025-05-14,Real Betis,Rayo Vallecano,
2202,-99,1,2025-05-18,Real Betis,Atlético Madrid,
2203,-99,2,2025-05-25,Real Betis,Valencia,
2318,-99,2,2024-08-18,Real Madrid,Mallorca,
2319,-99,1,2024-08-25,Real Madrid,Valladolid,
2320,-99,0,2024-08-29,Real Madrid,Las Palmas,
2321,-99,0,2024-09-01,Real Madrid,Betis,
2322,-99,1,2024-09-15,Real Madrid,Real Sociedad,
2323,-99,2,2024-09-22,Real Madrid,Espanyol,
2324,-99,2,2024-09-25,Real Madrid,Alavés,
2325,-99,1,2024-09-29,Real Madrid,Atlético Madrid,
2326,-99,2,2024-10-06,Real Madrid,Villarreal,
2327,-99,0,2024-10-20,Real Madrid,Celta Vigo,
2328,-99,2,2024-10-27,Real Madrid,Barcelona,
2329,-99,0,2024-11-03,Real Madrid,Valencia,
2330,-99,2,2024-11-10,Real Madrid,Osasuna,
2331,-99,1,2024-11-24,Real Madrid,Leganés,
2332,-99,2,2024-12-01,Real Madrid,Getafe,
2333,-99,0,2024-12-08,Real Madrid,Girona,
2334,-99,1,2024-12-15,Real Madrid,Rayo Vallecano,
2335,-99,2,2024-12-22,Real Madrid,Sevilla,
2336,-99,0,2025-01-11,Real Madrid,Athletic Club,
2337,-99,2,2025-01-19,Real Madrid,Las Palmas,
2338,-99,1,2025-01-26,Real Madrid,Valladolid,
2339,-99,0,2025-02-02,Real Madrid,Espanyol,
2340,-99,2,2025-02-09,Real Madrid,Atlético Madrid,
2341,-99,1,2025-02-16,Real Madrid,Osasuna,
2342,-99,2,2025-02-23,Real Madrid,Girona,
2343,-99,1,2025-03-02,Real Madrid,Betis,
2344,-99,2,2025-03-09,Real Madrid,Rayo Vallecano,
2345,-99,1,2025-03-16,Real Madrid,Villarreal,
2346,-99,2,2025-03-30,Real Madrid,Leganés,
2347,-99,2,2025-04-06,Real Madrid,Valencia,
2348,-99,0,2025-04-13,Real Madrid,Alavés,
2349,-99,2,2025-04-20,Real Madrid,Athletic Club,
2350,-99,0,2025-04-23,Real Madrid,Getafe,
2351,-99,0,2025-05-04,Real Madrid,Celta Vigo,
2352,-99,0,2025-05-11,Real Madrid,Barcelona,
2353,-99,2,2025-05-14,Real Madrid,Mallorca,
2354,-99,1,2025-05-18,Real Madrid,Sevilla,
2355,-99,2,2025-05-25,Real Madrid,Real Sociedad,
2470,-99,2,2024-08-18,Real Sociedad,Rayo Vallecano,
2471,-99,1,2024-08-24,Real Sociedad,Espanyol,
2472,-99,2,2024-08-28,Real Sociedad,Alavés,
2473,-99,0,2024-09-01,Real Sociedad,Getafe,
2474,-99,2,2024-09-15,Real Sociedad,Real Madrid,
2475,-99,1,2024-09-22,Real Sociedad,Valladolid,
2476,-99,0,2024-09-25,Real Sociedad,Mallorca,
2477,-99,2,2024-09-29,Real Sociedad,Valencia,
2478,-99,2,2024-10-06,Real Sociedad,Atlético Madrid,
2479,-99,0,2024-10-20,Real Sociedad,Girona,
2480,-99,2,2024-10-27,Real Sociedad,Osasuna,
2481,-99,1,2024-11-03,Real Sociedad,Sevilla,
2482,-99,2,2024-11-10,Real Sociedad,Barcelona,
2483,-99,0,2024-11-24,Real Sociedad,Athletic Club,
2484,-99,0,2024-12-01,Real Sociedad,Betis,
2485,-99,1,2024-12-08,Real Sociedad,Leganés,
2486,-99,2,2024-12-15,Real Sociedad,Las Palmas,
2487,-99,0,2024-12-22,Real Sociedad,Celta Vigo,
2488,-99,2,2025-01-11,Real Sociedad,Villarreal,
2489,-99,0,2025-01-19,Real Sociedad,Valencia,
2490,-99,2,2025-01-26,Real Sociedad,Getafe,
2491,-99,1,2025-02-02,Real Sociedad,Osasuna,
2492,-99,2,2025-02-09,Real Sociedad,Espanyol,
2493,-99,1,2025-02-16,Real Sociedad,Betis,
2494,-99,2,2025-02-23,Real Sociedad,Leganés,
2495,-99,0,2025-03-02,Real Sociedad,Barcelona,
2496,-99,2,2025-03-09,Real Sociedad,Sevilla,
2497,-99,1,2025-03-16,Real Sociedad,Rayo Vallecano,
2498,-99,2,2025-03-30,Real Sociedad,Valladolid,
2499,-99,1,2025-04-06,Real Sociedad,Las Palmas,
2500,-99,2,2025-04-13,Real Sociedad,Mallorca,
2501,-99,1,2025-04-20,Real Sociedad,Villarreal,
2502,-99,0,2025-04-23,Real Sociedad,Alavés,
2503,-99,2,2025-05-04,Real Sociedad,Athletic Club,
2504,-99,1,2025-05-11,Real Sociedad,Atlético Madrid,
2505,-99,0,2025-05-14,Real Sociedad,Celta Vigo,
2506,-99,2,2025-05-18,Real Sociedad,Girona,
2507,-99,1,2025-05-25,Real Sociedad,Real Madrid,
2622,-99,1,2024-08-16,Sevilla,Las Palmas,
2623,-99,1,2024-08-23,Sevilla,Villarreal,
2624,-99,0,2024-08-27,Sevilla,Mallorca,
2625,-99,2,2024-09-01,Sevilla,Girona,
2626,-99,2,2024-09-15,Sevilla,Getafe,
2627,-99,0,2024-09-22,Sevilla,Alavés,
2628,-99,1,2024-09-25,Sevilla,Valladolid,
2629,-99,0,2024-09-29,Sevilla,Athletic Club,
2630,-99,0,2024-10-06,Sevilla,Betis,
2631,-99,0,2024-10-20,Sevilla,Barcelona,
2632,-99,0,2024-10-27,Sevilla,Espanyol,
2633,-99,2,2024-11-03,Sevilla,Real Sociedad,
2634,-99,1,2024-11-10,Sevilla,Leganés,
2635,-99,2,2024-11-24,Sevilla,Rayo Vallecano,
2636,-99,2,2024-12-01,Sevilla,Osasuna,
2637,-99,1,2024-12-08,Sevilla,Atlético Madrid,
2638,-99,0,2024-12-15,Sevilla,Celta Vigo,
2639,-99,1,2024-12-22,Sevilla,Real Madrid,
2640,-99,2,2025-01-11,Sevilla,Valencia,
2641,-99,0,2025-01-19,Sevilla,Girona,
2642,-99,2,2025-01-26,Sevilla,Espanyol,
2643,-99,0,2025-02-02,Sevilla,Getafe,
2644,-99,2,2025-02-09,Sevilla,Barcelona,
2645,-99,1,2025-02-16,Sevilla,Valladolid,
2646,-99,2,2025-02-23,Sevilla,Mallorca,
2647,-99,1,2025-03-02,Sevilla,Rayo Vallecano,
2648,-99,1,2025-03-09,Sevilla,Real Sociedad,
2649,-99,2,2025-03-16,Sevilla,Athletic Club,
2650,-99,1,2025-03-30,Sevilla,Betis,
2651,-99,2,2025-04-06,Sevilla,Atlético Madrid,
2652,-99,0,2025-04-13,Sevilla,Valencia,
2653,-99,2,2025-04-20,Sevilla,Alavés,
2654,-99,0,2025-04-23,Sevilla,Osasuna,
2655,-99,2,2025-05-04,Sevilla,Leganés,
2656,-99,0,2025-05-11,Sevilla,Celta Vigo,
2657,-99,2,2025-05-14,Sevilla,Las Palmas,
2658,-99,2,2025-05-18,Sevilla,Real Madrid,
2659,-99,1,2025-05-25,Sevilla,Villarreal,
2774,-99,1,2024-08-17,Valencia,Barcelona,
2775,-99,1,2024-08-23,Valencia,Celta Vigo,
2776,-99,0,2024-08-28,Valencia,Athletic Club,
2777,-99,2,2024-08-31,Valencia,Villarreal,
2778,-99,1,2024-09-15,Valencia,Atlético Madrid,
2779,-99,2,2024-09-22,Valencia,Girona,
2780,-99,2,2024-09-25,Valencia,Osasuna,
2781,-99,1,2024-09-29,Valencia,Real Sociedad,
2782,-99,1,2024-10-06,Valencia,Leganés,
2783,-99,2,2024-10-20,Valencia,Las Palmas,
2784,-99,0,2024-10-27,Valencia,Getafe,
2785,-99,2,2024-11-03,Valencia,Real Madrid,
2786,-99,0,2024-11-10,Valencia,Espanyol,
2787,-99,0,2024-11-24,Valencia,Betis,
2788,-99,1,2024-12-01,Valencia,Mallorca,
2789,-99,2,2024-12-08,Valencia,Rayo Vallecano,
2790,-99,1,2024-12-15,Valencia,Valladolid,
2791,-99,2,2024-12-22,Valencia,Alavés,
2792,-99,0,2025-01-11,Valencia,Sevilla,
2793,-99,2,2025-01-19,Valencia,Real Sociedad,
2794,-99,0,2025-01-26,Valencia,Barcelona,
2795,-99,0,2025-02-02,Valencia,Celta Vigo,
2796,-99,2,2025-02-09,Valencia,Leganés,
2797,-99,1,2025-02-16,Valencia,Villarreal,
2798,-99,2,2025-02-23,Valencia,Atlético Madrid,
2799,-99,1,2025-03-02,Valencia,Osasuna,
2800,-99,2,2025-03-09,Valencia,Valladolid,
2801,-99,0,2025-03-16,Valencia,Girona,
2802,-99,2,2025-03-30,Valencia,Mallorca,
2803,-99,1,2025-04-06,Valencia,Real Madrid,
2804,-99,2,2025-04-13,Valencia,Sevilla,
2805,-99,1,2025-04-20,Valencia,Rayo Vallecano,
2806,-99,2,2025-04-23,Valencia,Espanyol,
2807,-99,1,2025-05-04,Valencia,Las Palmas,
2808,-99,2,2025-05-11,Valencia,Getafe,
2809,-99,0,2025-05-14,Valencia,Alavés,
2810,-99,2,2025-05-18,Valencia,Athletic Club,
2811,-99,1,2025-05-25,Valencia,Betis,
2850,-99,2,2024-08-19,Valladolid,Espanyol,
2851,-99,1,2024-08-25,Valladolid,Real Madrid,
2852,-99,2,2024-08-28,Valladolid,Leganés,
2853,-99,0,2024-08-31,Valladolid,Barcelona,
2854,-99,0,2024-09-15,Valladolid,Celta Vigo,
2855,-99,2,2024-09-22,Valladolid,Real Sociedad,
2856,-99,0,2024-09-25,Valladolid,Sevilla,
2857,-99,2,2024-09-29,Valladolid,Mallorca,
2858,-99,2,2024-10-06,Valladolid,Rayo Vallecano,
2859,-99,0,2024-10-20,Valladolid,Alavés,
2860,-99,2,2024-10-27,Valladolid,Villarreal,
2861,-99,1,2024-11-03,Valladolid,Osasuna,
2862,-99,2,2024-11-10,Valladolid,Athletic Club,
2863,-99,0,2024-11-24,Valladolid,Getafe,
2864,-99,2,2024-12-01,Valladolid,Atlético Madrid,
2865,-99,1,2024-12-08,Valladolid,Las Palmas,
2866,-99,2,2024-12-15,Valladolid,Valencia,
2867,-99,0,2024-12-22,Valladolid,Girona,
2868,-99,0,2025-01-11,Valladolid,Betis,
2869,-99,0,2025-01-19,Valladolid,Espanyol,
2870,-99,2,2025-01-26,Valladolid,Real Madrid,
2871,-99,1,2025-02-02,Valladolid,Villarreal,
2872,-99,1,2025-02-09,Valladolid,Rayo Vallecano,
2873,-99,2,2025-02-16,Valladolid,Sevilla,
2874,-99,0,2025-02-23,Valladolid,Athletic Club,
2875,-99,2,2025-03-02,Valladolid,Las Palmas,
2876,-99,0,2025-03-09,Valladolid,Valencia,
2877,-99,0,2025-03-16,Valladolid,Celta Vigo,
2878,-99,1,2025-03-30,Valladolid,Real Sociedad,
2879,-99,2,2025-04-06,Valladolid,Getafe,
2880,-99,1,2025-04-13,Valladolid,Atlético Madrid,
2881,-99,2,2025-04-20,Valladolid,Osasuna,
2882,-99,0,2025-04-23,Valladolid,Betis,
2883,-99,2,2025-05-04,Valladolid,Barcelona,
2884,-99,1,2025-05-11,Valladolid,Mallorca,
2885,-99,2,2025-05-14,Valladolid,Girona,
2886,-99,2,2025-05-18,Valladolid,Alavés,
2887,-99,1,2025-05-25,Valladolid,Leganés,
3002,-99,2,2024-08-19,Villarreal,Atlético Madrid,
3003,-99,0,2024-08-23,Villarreal,Sevilla,
3004,-99,0,2024-08-26,Villarreal,Celta Vigo,
3005,-99,0,2024-08-31,Villarreal,Valencia,
3006,-99,1,2024-09-15,Villarreal,Mallorca,
3007,-99,2,2024-09-22,Villarreal,Barcelona,
3008,-99,0,2024-09-25,Villarreal,Espanyol,
3009,-99,2,2024-09-29,Villarreal,Las Palmas,
3010,-99,1,2024-10-06,Villarreal,Real Madrid,
3011,-99,2,2024-10-20,Villarreal,Getafe,
3012,-99,1,2024-10-27,Villarreal,Valladolid,
3013,-99,2,2024-11-03,Villarreal,Rayo Vallecano,
3014,-99,2,2024-11-10,Villarreal,Alavés,
3015,-99,1,2024-11-24,Villarreal,Osasuna,
3016,-99,2,2024-12-01,Villarreal,Girona,
3017,-99,0,2024-12-08,Villarreal,Athletic Club,
3018,-99,0,2024-12-15,Villarreal,Betis,
3019,-99,1,2024-12-22,Villarreal,Leganés,
3020,-99,0,2025-01-11,Villarreal,Real Sociedad,
3021,-99,2,2025-01-19,Villarreal,Mallorca,
3022,-99,1,2025-01-26,Villarreal,Atlético Madrid,
3023,-99,2,2025-02-02,Villarreal,Valladolid,
3024,-99,1,2025-02-09,Villarreal,Las Palmas,
3025,-99,2,2025-02-16,Villarreal,Valencia,
3026,-99,1,2025-02-23,Villarreal,Rayo Vallecano,
3027,-99,2,2025-03-02,Villarreal,Espanyol,
3028,-99,0,2025-03-09,Villarreal,Alavés,
3029,-99,2,2025-03-16,Villarreal,Real Madrid,
3030,-99,0,2025-03-30,Villarreal,Getafe,
3031,-99,2,2025-04-06,Villarreal,Athletic Club,
3032,-99,1,2025-04-13,Villarreal,Betis,
3033,-99,2,2025-04-20,Villarreal,Real Sociedad,
3034,-99,0,2025-04-23,Villarreal,Celta Vigo,
3035,-99,2,2025-05-04,Villarreal,Osasuna,
3036,-99,0,2025-05-11,Villarreal,Girona,
3037,-99,2,2025-05-14,Villarreal,Leganés,
3038,-99,0,2025-05-18,Villarreal,Barcelona,
3039,-99,2,2025-05-25,Villarreal,Sevilla,
